Banks,Year,Branches
Axis Bank,2019,2068.0
Bandhan Bank,2019,
Bank of Baroda,2019,15059.0
Bank of India,2019,10256.0
Bank of Maharashtra,2019,1910.0
Canara Bank,2019,6651.0
CSB Bank,2019,197.0
Central Bank of India,2019,7586.0
City Union Bank,2019,17.0
DCB Bank,2019,14.0
Dhanlaxmi Bank,2019,405.0
HDFC Bank,2019,564.0
ICICI Bank,2019,1168.0
IDBI Bank,2019,13556.0
IDFC First Bank,2019,
Indian Bank,2019,9374.0
Indian Overseas Bank,2019,5905.0
IndusInd Bank,2019,958.0
Karnataka Bank,2019,472.0
Karur Vysya Bank,2019,681.0
Kotak Mahindra Bank,2019,9742.0
Nainital Bank,2019,22.0
Punjab and Sind Bank,2019,276.0
Punjab National Bank,2019,33049.0
State Bank of India,2019,47567.0
Tamilnad Mercantile Bank,2019,412.0
The Federal Bank,2019,1074.0
The Jammu And Kashmir Bank,2019,1.0
The Ratnakar Bank,2019,76.0
The South Indian Bank,2019,727.0
The Lakshmi Vilas Bank,2019,175.0
UCO Bank,2019,6934.0
Union Bank of India,2019,17803.0
Yes Bank,2019,79.0
Axis Bank,2020,2056.0
Bandhan Bank,2020,
Bank of Baroda,2020,18174.0
Bank of India,2020,13432.0
Bank of Maharashtra,2020,5217.0
Canara Bank,2020,7730.0
CSB Bank,2020,222.0
Central Bank of India,2020,6956.0
City Union Bank,2020,19.0
DCB Bank,2020,14.0
Dhanlaxmi Bank,2020,779.0
HDFC Bank,2020,593.0
ICICI Bank,2020,1304.0
IDBI Bank,2020,10778.0
IDFC First Bank,2020,
Indian Bank,2020,10778.0
Indian Overseas Bank,2020,5922.0
IndusInd Bank,2020,963.0
Karnataka Bank,2020,648.0
Karur Vysya Bank,2020,768.0
Kotak Mahindra Bank,2020,11111.0
Nainital Bank,2020,22.0
Punjab and Sind Bank,2020,511.0
Punjab National Bank,2020,37376.0
State Bank of India,2020,46260.0
Tamilnad Mercantile Bank,2020,502.0
The Federal Bank,2020,1038.0
The Jammu And Kashmir Bank,2020,1.0
The Ratnakar Bank,2020,81.0
The South Indian Bank,2020,720.0
The Lakshmi Vilas Bank,2020,216.0
UCO Bank,2020,8246.0
Union Bank of India,2020,25052.0
Yes Bank,2020,2174.0
Axis Bank,2021,2100.0
Bandhan Bank,2021,
Bank of Baroda,2021,20646.0
Bank of India,2021,15272.0
Bank of Maharashtra,2021,6731.0
Canara Bank,2021,12086.0
CSB Bank,2021,210.0
Central Bank of India,2021,10402.0
City Union Bank,2021,19.0
DCB Bank,2021,50.0
Dhanlaxmi Bank,2021,682.0
HDFC Bank,2021,541.0
ICICI Bank,2021,1603.0
IDBI Bank,2021,17101.0
IDFC First Bank,2021,
Indian Bank,2021,6567.0
Indian Overseas Bank,2021,8200.0
IndusInd Bank,2021,956.0
Karnataka Bank,2021,866.0
Karur Vysya Bank,2021,775.0
Kotak Mahindra Bank,2021,13402.0
Nainital Bank,2021,14.0
Punjab and Sind Bank,2021,1077.0
Punjab National Bank,2021,37181.0
State Bank of India,2021,66746.0
Tamilnad Mercantile Bank,2021,652.0
The Federal Bank,2021,1276.0
The Jammu And Kashmir Bank,2021,1.0
The Ratnakar Bank,2021,56.0
The South Indian Bank,2021,809.0
The Lakshmi Vilas Bank,2021,261.0
UCO Bank,2021,9590.0
Union Bank of India,2021,26824.0
Yes Bank,2021,2163.0
Axis Bank,2022,2072.0
Bandhan Bank,2022,11.0
Bank of Baroda,2022,25177.0
Bank of India,2022,15871.0
Bank of Maharashtra,2022,6772.0
Canara Bank,2022,14467.0
CSB Bank,2022,262.0
Central Bank of India,2022,14651.0
City Union Bank,2022,54.0
DCB Bank,2022,50.0
Dhanlaxmi Bank,2022,754.0
HDFC Bank,2022,525.0
ICICI Bank,2022,1354.0
IDBI Bank,2022,22721.0
IDFC First Bank,2022,
Indian Bank,2022,10785.0
Indian Overseas Bank,2022,12758.0
IndusInd Bank,2022,956.0
Karnataka Bank,2022,1079.0
Karur Vysya Bank,2022,802.0
Kotak Mahindra Bank,2022,16059.0
Nainital Bank,2022,14.0
Punjab and Sind Bank,2022,1213.0
Punjab National Bank,2022,37986.0
State Bank of India,2022,75756.0
Tamilnad Mercantile Bank,2022,619.0
The Federal Bank,2022,1353.0
The Jammu And Kashmir Bank,2022,1.0
The Ratnakar Bank,2022,55.0
The South Indian Bank,2022,883.0
The Lakshmi Vilas Bank,2022,233.0
UCO Bank,2022,9590.0
Union Bank of India,2022,31924.0
Yes Bank,2022,3396.0
Axis Bank,2023,2095.0
Bandhan Bank,2023,
Bank of Baroda,2023,23082.0
Bank of India,2023,17121.0
Bank of Maharashtra,2023,8090.0
Canara Bank,2023,15648.0
CSB Bank,2023,256.0
Central Bank of India,2023,16936.0
City Union Bank,2023,54.0
DCB Bank,2023,50.0
Dhanlaxmi Bank,2023,881.0
HDFC Bank,2023,508.0
ICICI Bank,2023,2326.0
IDBI Bank,2023,25013.0
IDFC First Bank,2023,58.0
Indian Bank,2023,11330.0
Indian Overseas Bank,2023,13986.0
IndusInd Bank,2023,935.0
Karnataka Bank,2023,1142.0
Karur Vysya Bank,2023,785.0
Kotak Mahindra Bank,2023,18464.0
Nainital Bank,2023,14.0
Punjab and Sind Bank,2023,1218.0
Punjab National Bank,2023,44563.0
State Bank of India,2023,79248.0
Tamilnad Mercantile Bank,2023,619.0
The Federal Bank,2023,1339.0
The Jammu And Kashmir Bank,2023,1.0
The Ratnakar Bank,2023,55.0
The South Indian Bank,2023,701.0
The Lakshmi Vilas Bank,2023,
UCO Bank,2023,11428.0
Union Bank of India,2023,37223.0
Yes Bank,2023,409.0
